postive,neutral,negative,sentence_length,TTR,person_count,she_pronoun,he_pronoun,ease_of_readability,class
0.121,0.777,0.102,5048,0.8586587988682680,104,68,309,83.4,2
0.154,0.765,0.081,911,0.8661001969664740,17,54,127,78.15,5
0.17,0.738,0.092,8891,0.8640516217269780,201,313,392,90.04,5
0.113,0.8030000000000000,0.085,8798,0.8763251962745150,280,162,408,94.47,8
0.172,0.703,0.125,1065,0.8643472867906230,19,75,98,79.83,5
0.18,0.748,0.07200000000000000,1115,0.8672143016249800,134,27,151,74.0,5
0.11,0.807,0.083,3074,0.8657086078570530,76,108,164,80.02,2
0.142,0.797,0.061,8799,0.8761385136799270,366,155,244,85.74,5
0.131,0.7980000000000000,0.071,8501,0.8720039700309920,253,129,266,85.96,5
0.16900000000000000,0.725,0.107,7299,0.8723051462673960,173,278,204,95.06,5
0.129,0.768,0.102,3049,0.8694633130420550,130,424,264,77.32,5
0.159,0.725,0.115,10737,0.8679494686691030,116,264,351,94.11,5
0.155,0.7440000000000000,0.10100000000000000,4565,0.8779197848334630,94,230,205,81.55,5
0.158,0.762,0.08,7109,0.8628217004859450,236,212,283,79.44,5
0.163,0.741,0.096,4914,0.8602903788131900,218,189,253,75.45,5
0.131,0.7910000000000000,0.078,548,0.8470033753479430,11,44,127,74.91,3
0.154,0.752,0.094,1196,0.8597198667165260,34,110,102,79.68,5
0.124,0.8340000000000000,0.042,339,0.8624519356212580,34,1,40,77.96,5
0.21,0.6890000000000000,0.10100000000000000,5895,0.8646804141651230,124,279,256,82.22,5
0.146,0.762,0.092,5625,0.8665670767842980,245,163,334,92.8,5
0.09700000000000000,0.8010000000000000,0.102,10285,0.8587173821332060,292,131,492,80.23,2
0.098,0.7910000000000000,0.11200000000000000,1649,0.8695710417986340,114,117,120,92.03,5
0.156,0.764,0.08,7692,0.874865247255862,287,302,467,79.0,5
0.139,0.7490000000000000,0.11200000000000000,5829,0.8696418099377480,142,103,198,81.49,5
0.141,0.7490000000000000,0.11,10987,0.8626198394002940,108,354,377,84.7,5
0.161,0.746,0.09300000000000000,5904,0.8615256116769360,223,328,347,80.12,5
0.159,0.74,0.10100000000000000,7149,0.8768893724168020,463,283,416,78.1,5
0.16900000000000000,0.718,0.113,6642,0.8726733391510770,201,257,408,81.82,5
0.16700000000000000,0.7290000000000000,0.10400000000000000,8810,0.8807638158019180,325,491,425,68.64,5
0.08200000000000000,0.836,0.08200000000000000,643,0.8374356957634040,49,124,48,75.41,5
0.141,0.7390000000000000,0.12,5115,0.8720477690573380,117,254,238,81.32,5
0.17600000000000000,0.706,0.11800000000000000,732,0.8702741586705930,59,55,99,77.94,5
0.114,0.7910000000000000,0.096,10479,0.8711257937084330,436,514,377,69.2,5
0.187,0.7,0.113,1560,0.8688767955409090,75,88,121,81.87,5
0.146,0.755,0.098,5548,0.863384856965827,76,170,250,91.97,5
0.11,0.785,0.106,4670,0.8674638881337980,159,200,189,91.69,5
0.13700000000000000,0.78,0.084,2212,0.8742915041759380,132,121,261,83.25,5
0.11900000000000000,0.7960000000000000,0.085,4243,0.8573310678059410,78,173,274,80.91,5
0.213,0.6940000000000000,0.09300000000000000,1949,0.8654405151852410,65,101,52,91.63,5
0.12300000000000000,0.774,0.10300000000000000,5146,0.8734790032745540,76,148,317,80.5,5
0.136,0.784,0.08,5957,0.8624641533501760,154,311,391,80.49,5
0.14300000000000000,0.746,0.111,8823,0.8700438219874010,130,276,344,84.21,5
0.14400000000000000,0.75,0.106,4220,0.8700475320380820,99,212,290,82.84,5
0.133,0.752,0.115,5907,0.8679000835131120,128,114,279,81.12,5
0.174,0.748,0.078,2057,0.8613466924037100,103,141,122,77.01,5
0.133,0.77,0.09700000000000000,8872,0.8607721302222920,457,388,241,80.22,5
0.125,0.7510000000000000,0.12300000000000000,2812,0.8550213159667480,197,20,148,58.75,5
0.153,0.736,0.111,3489,0.8626338203012500,135,209,295,75.14,5
0.18,0.7240000000000000,0.096,3480,0.8652511812650690,150,174,213,81.27,5
0.134,0.77,0.096,4882,0.8614253523634990,171,102,326,79.91,5
0.155,0.7660000000000000,0.079,449,0.8597149299738820,44,24,57,73.03,1
0.159,0.745,0.096,10375,0.8709061962101060,138,268,366,85.66,6
0.14300000000000000,0.762,0.095,10354,0.8792997292187230,368,422,397,80.62,5
0.141,0.759,0.1,3885,0.8674148755857180,282,180,306,79.96,6
0.13,0.778,0.092,3437,0.8677589211084560,120,173,288,82.34,7
0.132,0.772,0.096,9589,0.8705220558870320,262,198,366,83.43,5
0.114,0.825,0.061,276,0.8489047513522100,24,3,57,80.69,5
0.135,0.747,0.11800000000000000,13197,0.8657122199214290,169,328,455,80.63,5
0.145,0.767,0.087,8651,0.8738488058200600,310,218,460,79.38,5
0.161,0.726,0.11200000000000000,6417,0.8700172808743730,241,264,299,79.83,5
0.149,0.762,0.08900000000000000,5519,0.8672657336782540,163,209,334,82.19,5
0.152,0.769,0.079,5388,0.8620513591223230,370,303,482,69.32,5
0.138,0.769,0.09300000000000000,3258,0.8670024853034890,92,292,229,76.23,5
0.138,0.758,0.105,7575,0.8638172681304590,161,210,192,81.11,5
0.157,0.762,0.081,4730,0.8658497260162970,194,350,251,71.02,5
0.179,0.72,0.102,1717,0.8714917667936610,71,137,163,75.69,5
0.124,0.763,0.113,6360,0.8657571836494030,105,148,453,82.82,5
0.145,0.757,0.098,6973,0.8712508794792290,173,283,433,79.43,5
0.153,0.748,0.099,7665,0.8702358977832960,213,290,345,82.23,5
0.172,0.71,0.11800000000000000,3492,0.8840640320936100,98,258,170,78.6,5
0.168,0.732,0.1,1833,0.8783120310330370,74,143,143,78.68,6
0.114,0.7930000000000000,0.09300000000000000,5386,0.8599541103585400,108,101,348,78.39,5
0.152,0.75,0.098,10189,0.8783805437521920,273,353,459,82.89,5
0.16,0.74,0.099,6173,0.8742597027694700,168,286,354,83.55,5
0.132,0.767,0.10100000000000000,3983,0.8759194919400420,147,183,210,79.66,5
0.162,0.737,0.10100000000000000,9538,0.8717210769164140,119,334,289,85.85,5
0.12,0.7980000000000000,0.08200000000000000,4465,0.8381531568449530,645,154,302,61.35,5
0.147,0.785,0.068,5118,0.8618267001402000,106,240,264,82.94,5
0.133,0.7660000000000000,0.10100000000000000,4433,0.8585744212570340,79,165,154,80.69,5
0.149,0.747,0.10400000000000000,3791,0.8751738266000240,369,184,296,77.32,5
0.15,0.75,0.1,5668,0.8624272886509650,125,107,260,85.37,5
0.187,0.6860000000000000,0.126,1164,0.8742128392321340,66,58,62,81.34,5
0.184,0.695,0.121,1285,0.8637371000981170,45,93,66,91.0,5
0.213,0.691,0.096,1473,0.8632741934254800,43,154,89,80.69,5
0.171,0.6940000000000000,0.135,1397,0.8507122573713430,26,92,50,90.82,5
0.159,0.735,0.106,2326,0.8655819434134100,130,213,174,74.84,5
0.14300000000000000,0.7610000000000000,0.096,6656,0.8599327326161490,360,452,456,85.1,5
0.172,0.746,0.081,10204,0.8737667801567190,385,434,397,80.32,5
0.172,0.726,0.102,319,0.8589219953910500,23,3,13,90.73,5
0.124,0.7910000000000000,0.085,7441,0.8585952220477950,329,478,506,85.24,5
0.158,0.762,0.08,4888,0.8744379862031730,140,143,355,71.26,5
0.18100000000000000,0.74,0.079,10228,0.8771590908048900,463,319,486,80.79,5
0.122,0.757,0.122,10030,0.8723815910871570,331,333,387,83.49,5
0.165,0.742,0.092,6110,0.872464529604287,132,141,303,82.91,5
0.156,0.7290000000000000,0.115,10237,0.8797333641861120,402,366,479,81.12,5
0.126,0.7880000000000000,0.086,5603,0.8709515721078890,167,129,390,81.32,5
0.16700000000000000,0.736,0.09700000000000000,13216,0.8708947419880590,347,400,493,80.51,5
0.14300000000000000,0.764,0.09300000000000000,1590,0.8601449849062700,45,92,122,82.22,5
0.168,0.731,0.10100000000000000,4238,0.8749852012552090,237,192,350,76.57,5
0.158,0.752,0.091,1440,0.8643915609452420,91,120,184,74.3,5
0.124,0.785,0.091,3847,0.8608596707183290,138,181,280,75.57,5
0.157,0.721,0.122,7169,0.8768467354785210,227,235,181,84.08,5
0.185,0.727,0.08800000000000000,1359,0.8604623286487480,40,97,113,83.21,0
0.179,0.7340000000000000,0.08800000000000000,8525,0.8712193348064150,347,283,396,68.91,5
0.193,0.716,0.091,2445,0.8543510518423830,135,66,75,87.63,5
0.157,0.71,0.133,3343,0.8660109103682030,102,146,154,82.4,5
0.13700000000000000,0.759,0.10400000000000000,9886,0.861929365913584,384,382,316,78.29,5
0.15,0.726,0.124,10754,0.8682578548152240,325,371,376,82.67,5
0.14400000000000000,0.77,0.086,9338,0.8683018690083950,261,293,342,79.54,5
0.161,0.721,0.11800000000000000,10964,0.8699527713824680,184,491,369,85.08,5
0.115,0.807,0.078,5208,0.861423253906657,300,355,320,88.98,5
0.14400000000000000,0.777,0.079,3459,0.8495812748264450,119,123,242,78.39,5
0.157,0.763,0.08,8643,0.8700806307826510,337,383,530,80.66,5
0.134,0.762,0.105,3218,0.8641988246466680,140,83,334,73.28,5
0.153,0.735,0.11200000000000000,4713,0.8745105361411460,125,163,351,68.79,5
0.161,0.73,0.109,5785,0.8638532119139830,93,222,201,92.46,5
0.16900000000000000,0.6890000000000000,0.142,1161,0.8604068486410660,43,49,101,75.3,5
0.126,0.784,0.08900000000000000,8120,0.8684181060805040,274,215,308,81.57,5
0.128,0.7810000000000000,0.091,7557,0.8636596007552500,175,318,502,76.7,5
0.16700000000000000,0.721,0.111,2935,0.8641774628462530,114,173,118,69.74,5
0.179,0.73,0.091,5115,0.8688196765200240,232,180,255,82.27,5
0.157,0.742,0.10100000000000000,9107,0.8775130970384730,205,365,344,82.19,6
0.124,0.804,0.07200000000000000,7560,0.8661938639437140,317,107,272,91.39,5
0.195,0.6940000000000000,0.111,1141,0.8850161926770630,152,118,172,75.35,5
0.162,0.742,0.096,6234,0.8735261925413860,196,150,339,82.94,5
0.136,0.76,0.10400000000000000,5821,0.8756567819056560,318,376,486,79.32,5
0.13700000000000000,0.731,0.132,3358,0.860626801445965,69,192,273,75.58,5
0.159,0.741,0.1,4356,0.8764533809293560,143,211,342,80.36,5
0.14800000000000000,0.75,0.10300000000000000,4971,0.8719668452366390,150,217,369,70.77,5
0.16,0.746,0.094,772,0.8662910190411400,31,42,74,83.01,5
0.141,0.759,0.10100000000000000,7025,0.8534287244474620,178,259,443,75.12,5
0.152,0.754,0.094,5141,0.8621048808053420,282,156,452,79.82,5
0.098,0.797,0.105,4243,0.8534686541181300,110,103,184,82.06,5
0.136,0.77,0.094,5152,0.8718130582558770,229,347,234,78.18,5
0.122,0.773,0.10400000000000000,10935,0.8716739679201160,230,339,468,82.1,5
0.152,0.745,0.102,4348,0.8823913375785240,157,204,119,81.34,5
0.133,0.779,0.08800000000000000,8578,0.8727161564563400,190,301,256,83.93,5
0.188,0.672,0.141,5851,0.8665511270681360,217,195,405,77.96,5
0.17,0.727,0.10300000000000000,5534,0.8746928762252590,352,294,285,84.14,5
0.107,0.78,0.113,2352,0.8674251081406420,72,71,160,82.76,2
0.152,0.733,0.115,6177,0.8783618355655940,125,142,301,94.75,5
0.124,0.7960000000000000,0.081,7253,0.8738619395062410,103,110,274,82.96,2
0.16700000000000000,0.7510000000000000,0.08200000000000000,8132,0.8702122932518140,223,405,363,79.56,5
0.151,0.741,0.10800000000000000,6148,0.8568550518566740,242,118,339,80.59,7
0.172,0.7390000000000000,0.08800000000000000,2908,0.8697773438551080,145,222,228,79.49,5
0.17600000000000000,0.69,0.134,2070,0.8810768199569620,272,112,320,76.84,5
0.147,0.731,0.122,4176,0.8803320734315460,405,133,288,77.38,5
0.139,0.759,0.102,7368,0.8723471220040020,233,267,457,78.22,5
0.13700000000000000,0.775,0.08800000000000000,4622,0.8706946349948700,234,186,340,64.36,5
0.127,0.777,0.096,1086,0.8598780952145730,91,34,105,65.53,5
0.153,0.752,0.095,11246,0.8662157085779890,262,324,462,81.48,5
0.159,0.7510000000000000,0.09,6927,0.8498791055057340,113,155,217,84.84,6
0.155,0.754,0.091,2306,0.8605812069986740,84,54,74,84.5,5
0.115,0.772,0.113,8121,0.8649883445795660,159,209,309,81.5,5
0.138,0.743,0.11900000000000000,8155,0.8780958471544040,287,174,334,80.83,5
0.145,0.741,0.114,5501,0.8601629919355410,69,246,280,84.96,5
0.106,0.789,0.105,4083,0.8706056895125950,109,180,285,72.62,5
0.135,0.757,0.10800000000000000,10141,0.8692497170880130,214,313,481,78.96,2
0.141,0.777,0.08200000000000000,1695,0.8618909380873120,83,117,51,82.13,5
0.14300000000000000,0.7660000000000000,0.091,10857,0.8627470102763270,241,533,255,82.31,5
0.11900000000000000,0.762,0.12,11017,0.8615859716898040,363,148,404,80.8,5
0.14,0.775,0.084,13838,0.8645895324986230,210,374,422,81.81,5
0.122,0.774,0.10400000000000000,5960,0.8467962618767000,120,137,378,88.3,5
0.10800000000000000,0.7880000000000000,0.10400000000000000,3441,0.8721688782836870,159,44,252,77.96,5
0.151,0.7810000000000000,0.068,6262,0.8632026227428690,158,264,268,91.65,5
0.14400000000000000,0.772,0.084,2158,0.8608048188893500,93,113,147,78.36,5
0.18100000000000000,0.727,0.091,5002,0.8745974528493180,102,153,201,80.29,5
0.149,0.755,0.096,1726,0.8532664015578970,36,129,163,75.0,5
0.146,0.7560000000000000,0.098,6077,0.8674676483657090,232,143,358,82.52,8
0.16400000000000000,0.74,0.09700000000000000,4256,0.8776685458054290,297,243,274,79.81,5
0.14,0.78,0.081,4872,0.8829965534052090,223,267,350,83.56,5
0.14,0.773,0.087,4048,0.8790400379269670,87,202,208,82.32,5
0.10800000000000000,0.789,0.10300000000000000,2590,0.8570535788866660,58,92,199,78.71,2
0.11700000000000000,0.7440000000000000,0.139,885,0.8519492457349090,38,19,83,77.44,2
0.11900000000000000,0.794,0.08800000000000000,4442,0.8655525399187540,154,138,320,79.3,5
0.11,0.785,0.105,1104,0.8608462650547150,31,40,79,79.23,2
0.128,0.762,0.11,1215,0.8516086369557140,26,10,98,78.78,2
0.132,0.777,0.09,944,0.8500345772438320,26,14,106,79.3,2
0.133,0.7760000000000000,0.091,1232,0.85820381136143,37,68,145,88.84,5
0.136,0.76,0.10400000000000000,5091,0.8708118893682340,107,178,235,82.95,5
0.18600000000000000,0.72,0.095,10142,0.8785539571957770,352,308,513,81.36,5
0.155,0.745,0.1,6528,0.8684988187889830,236,150,311,83.27,8
0.166,0.722,0.11200000000000000,6709,0.8708268523926240,173,285,293,82.72,5
0.14,0.789,0.071,3466,0.8720531716344800,133,148,233,81.69,5
0.149,0.757,0.094,7363,0.8688512677782470,116,116,200,84.04,2
0.136,0.762,0.10300000000000000,3518,0.8583759750136220,52,86,340,76.75,2
0.14,0.753,0.107,3315,0.8705242995517040,195,208,198,80.88,5
0.133,0.758,0.109,5567,0.8706025533835720,101,188,429,79.43,2
0.14,0.7660000000000000,0.094,6484,0.8714522915336010,220,187,410,76.31,5
0.124,0.777,0.099,5431,0.8719746798311400,147,219,406,77.14,5
0.158,0.741,0.1,4333,0.8584398413979650,181,143,200,78.22,5
0.132,0.77,0.098,812,0.8428168713808720,29,54,38,77.59,5
0.135,0.76,0.105,5729,0.8675054752886450,106,98,309,82.52,2
0.14,0.7960000000000000,0.064,4700,0.8456592842694710,115,270,135,79.22,5
0.132,0.76,0.10800000000000000,3330,0.8742884321673270,66,159,238,84.7,5
0.129,0.76,0.111,3371,0.8659178057190090,68,150,318,79.47,2
0.115,0.7930000000000000,0.092,6596,0.8774536797408670,164,312,534,80.71,5
0.105,0.7910000000000000,0.10400000000000000,4612,0.8612293005088220,198,214,372,88.58,8
0.127,0.7860000000000000,0.087,4270,0.8776823923496430,262,150,281,95.3,5
0.162,0.716,0.122,3161,0.8830527772559030,273,169,226,66.32,5
0.134,0.7610000000000000,0.105,1592,0.8644888247911310,75,116,139,76.71,2
0.14,0.768,0.092,5373,0.8672066411731040,118,207,322,81.72,5
0.15,0.7610000000000000,0.08900000000000000,1931,0.8615762242045020,88,113,125,80.66,5
0.147,0.7390000000000000,0.114,1899,0.8666819299147290,81,152,147,87.94,5
0.145,0.743,0.111,6833,0.8708431311959530,158,264,358,82.39,5
0.145,0.755,0.1,497,0.8550734831929870,32,2,82,81.29,5
0.175,0.722,0.10300000000000000,3155,0.8695303308291650,93,328,211,76.59,5
0.166,0.733,0.1,2284,0.8641129358153310,77,109,159,60.12,5
0.11,0.8030000000000000,0.08800000000000000,678,0.842934497680037,38,17,71,76.96,8
0.12300000000000000,0.78,0.09700000000000000,6406,0.8748469918122640,194,339,295,81.58,5
0.174,0.726,0.099,6119,0.8773797036409090,174,201,177,83.94,5
0.10400000000000000,0.7980000000000000,0.098,2678,0.8554852093913290,46,96,101,82.24,2
0.092,0.7860000000000000,0.122,2187,0.8447495361271850,53,144,55,82.65,2
0.128,0.7860000000000000,0.086,6922,0.8648133377069150,400,355,464,91.81,5
0.21900000000000000,0.6580000000000000,0.122,1128,0.8884071975564130,136,71,162,65.89,5
0.125,0.8060000000000000,0.069,207,0.8493765542860930,161,2,74,72.39,5
0.135,0.8110000000000000,0.054000000000000000,2336,0.8528253732865210,104,158,188,77.24,5
0.154,0.738,0.10800000000000000,6277,0.8713948023937430,195,288,346,82.16,5
0.128,0.7660000000000000,0.106,5853,0.864049275541859,85,165,327,82.93,5
0.14300000000000000,0.769,0.08800000000000000,6268,0.864229376319315,91,263,280,91.9,5
0.19400000000000000,0.6940000000000000,0.11200000000000000,8915,0.8640827953412210,186,255,363,79.33,5
0.191,0.688,0.122,5299,0.8866161537225260,780,240,523,65.78,5
0.134,0.778,0.08900000000000000,1937,0.8676893343492430,95,96,105,79.89,5
0.2,0.716,0.083,1068,0.8474776740569940,62,80,45,68.36,6
0.188,0.685,0.126,3104,0.8652572851847030,119,97,198,77.4,5
0.149,0.755,0.09700000000000000,4431,0.8714968325734410,95,267,203,83.37,6
0.11900000000000000,0.815,0.066,2183,0.8473759728828830,102,64,146,67.38,7
0.125,0.7760000000000000,0.1,3474,0.8713489400193880,215,134,280,77.29,7
0.16,0.7560000000000000,0.084,5129,0.8530249333813910,147,222,225,79.27,5
0.149,0.7490000000000000,0.102,6723,0.8617632598189560,400,167,376,76.54,7
0.134,0.8030000000000000,0.063,2628,0.8697563609640980,74,61,219,68.51,5
0.16700000000000000,0.711,0.122,9763,0.8755664544365530,173,455,408,83.77,5
0.163,0.732,0.105,6343,0.8724039563139440,241,366,297,81.17,5
0.134,0.752,0.113,5390,0.8664471124626610,127,262,424,78.45,5
0.146,0.763,0.091,3177,0.8735566837423910,167,139,228,80.58,5
0.16900000000000000,0.7240000000000000,0.107,9326,0.8887668182133420,255,382,339,80.81,5
0.13,0.772,0.09700000000000000,3068,0.8686725391744920,230,122,275,78.69,5
0.16,0.716,0.12300000000000000,10184,0.8731100727292850,232,326,202,69.74,5
0.154,0.733,0.114,6016,0.8747563965065990,153,263,360,79.37,5
0.136,0.755,0.10800000000000000,1801,0.8510701016889320,90,83,157,65.38,5
0.145,0.753,0.102,5530,0.8618624441870630,160,165,404,78.46,7
0.151,0.7660000000000000,0.083,3045,0.8549729018125760,90,240,223,79.42,5
0.172,0.75,0.079,3093,0.8747563865071430,123,215,128,81.79,5
0.156,0.753,0.092,8196,0.8714588451601160,204,205,289,83.59,5
0.135,0.78,0.085,3247,0.8677405890210290,127,121,211,80.79,5
0.139,0.7660000000000000,0.095,4266,0.8503501709105230,107,142,220,78.83,5
0.149,0.743,0.10800000000000000,933,0.8597047380859520,63,45,101,77.43,5
0.147,0.7490000000000000,0.10400000000000000,1609,0.8549134125592080,48,42,106,82.7,5
0.157,0.7440000000000000,0.1,663,0.8587896720611790,41,37,52,80.63,5
0.179,0.701,0.12,10564,0.8831219909538810,214,352,437,82.31,5
0.138,0.7240000000000000,0.138,6001,0.8997655064649690,188,71,243,59.06,5
0.11200000000000000,0.81,0.078,372,0.8463849135708400,27,21,61,70.9,5
0.138,0.76,0.102,1513,0.8573278345421920,62,20,169,77.03,5
0.16900000000000000,0.745,0.086,819,0.8670528277386430,35,54,67,80.45,5
0.129,0.754,0.11700000000000000,1217,0.8690656790034040,98,58,106,81.01,5
0.12300000000000000,0.7830000000000000,0.094,2469,0.8542239380180850,132,26,183,79.61,5
0.134,0.77,0.096,8970,0.8595593509489190,402,202,430,80.31,5
0.11600000000000000,0.773,0.111,618,0.8526916062786330,43,17,78,79.3,5
0.14400000000000000,0.77,0.087,2779,0.8772358387716880,154,168,102,82.36,5
0.147,0.759,0.094,639,0.8531618139135700,70,66,74,56.1,5
0.12,0.763,0.11800000000000000,3084,0.8640131543222400,107,101,179,82.91,5
0.127,0.784,0.08900000000000000,7386,0.8701821451672270,100,146,295,82.94,2
0.166,0.7340000000000000,0.1,3661,0.8772099961278280,133,193,205,82.34,6
0.16,0.732,0.10800000000000000,11299,0.8629115985242430,192,378,408,92.24,5
0.171,0.738,0.091,661,0.8557629489887830,26,61,120,79.09,5
0.159,0.727,0.114,1192,0.8631293179063280,48,87,155,81.26,5
0.14,0.7560000000000000,0.10300000000000000,1257,0.8668704739296370,50,128,158,82.89,5
0.16400000000000000,0.7120000000000000,0.124,4577,0.8672825715486010,120,361,255,78.18,5
0.099,0.7980000000000000,0.10300000000000000,3178,0.8518056761287460,137,49,343,56.27,7
0.15,0.754,0.095,4723,0.8750919363903370,171,277,221,79.82,5
0.135,0.778,0.087,5068,0.8576796224140880,135,130,283,92.65,5
0.122,0.7830000000000000,0.095,730,0.8545173979232740,36,44,79,78.54,5
0.08800000000000000,0.8270000000000000,0.085,423,0.8484328119582770,14,0,101,75.64,5
0.147,0.7880000000000000,0.065,6921,0.8614523269512430,259,226,233,92.24,5
0.17300000000000000,0.733,0.094,735,0.8635953779658400,27,52,76,80.03,5
0.11900000000000000,0.816,0.065,5554,0.8584980798424940,120,273,345,103.38,5
0.113,0.79,0.098,797,0.8559446410927420,69,38,123,79.54,5
0.113,0.7910000000000000,0.096,648,0.8618478935506600,58,58,119,80.15,5
0.131,0.765,0.10400000000000000,1131,0.8642716241830270,111,58,248,70.74,5
0.107,0.773,0.12,870,0.8678952192172290,50,67,120,84.98,5
0.113,0.782,0.105,921,0.8683594030419040,91,92,126,82.95,5
0.147,0.7830000000000000,0.071,7005,0.8703264857543300,262,323,401,81.5,5
0.12300000000000000,0.789,0.08800000000000000,4939,0.8630637450473430,390,192,259,77.0,5
0.135,0.7760000000000000,0.08900000000000000,5308,0.8538073812124150,208,176,322,78.77,5
0.13700000000000000,0.792,0.071,4380,0.8662188085993470,230,151,293,78.94,5
0.153,0.747,0.10100000000000000,6921,0.8696750438051160,220,301,320,78.79,5
0.174,0.7340000000000000,0.092,7368,0.8703067565888650,170,325,222,81.7,5
0.128,0.757,0.115,6509,0.8730944805085400,209,273,424,91.84,2
0.111,0.7980000000000000,0.09,3573,0.8545401527825520,107,124,251,81.26,5
0.14800000000000000,0.754,0.098,7591,0.8681551028292830,114,297,421,82.57,5
0.114,0.7930000000000000,0.09300000000000000,4601,0.8579754889820710,100,108,388,61.8,5
0.14400000000000000,0.763,0.09300000000000000,6522,0.8708911588126560,240,220,248,81.36,5
0.165,0.745,0.09,4406,0.8733861136702010,349,231,245,79.06,5
0.126,0.784,0.09,4869,0.8691941629825260,94,178,335,81.73,2
0.161,0.735,0.10300000000000000,7661,0.8766840813871300,198,407,302,80.07,2
0.14,0.774,0.086,7122,0.8637257470065870,1398,182,413,76.84,5
0.134,0.759,0.107,5119,0.8714658825876970,329,218,338,79.54,5
0.156,0.7710000000000000,0.073,11381,0.8693306985379420,247,281,293,82.75,5
0.154,0.755,0.091,4061,0.8624916230073790,119,130,150,91.19,5
0.10300000000000000,0.7810000000000000,0.11600000000000000,2306,0.8673811907477660,74,17,163,82.36,2
0.2,0.713,0.08800000000000000,4607,0.8734427428126090,132,203,251,83.92,5
0.14300000000000000,0.754,0.102,7764,0.8711707751384420,267,229,507,80.86,5
0.135,0.7390000000000000,0.126,4765,0.8679292763932920,123,191,210,70.93,2
0.17,0.754,0.076,730,0.8528080121484730,49,9,29,88.92,5
0.133,0.7390000000000000,0.129,1626,0.8672801542807350,38,102,161,81.41,5
0.152,0.768,0.079,6146,0.8679867080127830,71,99,279,85.54,5
0.122,0.789,0.08800000000000000,3791,0.8574064890066080,144,170,407,70.85,7
0.11,0.804,0.086,5559,0.8791067119542010,373,171,355,83.48,2
0.16700000000000000,0.746,0.087,4321,0.8563660461698530,109,126,239,69.68,5
0.16400000000000000,0.746,0.09,5563,0.8705117269361010,282,349,195,81.1,5
0.15,0.765,0.085,7052,0.8765882204477440,258,312,339,81.66,5
0.162,0.726,0.11200000000000000,10225,0.8796983217201140,302,436,384,81.07,5
0.192,0.7190000000000000,0.08900000000000000,4624,0.8787529876937080,167,186,244,84.47,5
0.135,0.765,0.1,4369,0.886432470132949,230,283,307,82.56,5
0.163,0.722,0.115,6120,0.8742365111820630,357,384,370,80.29,5
0.16400000000000000,0.7340000000000000,0.102,11813,0.8745008330337160,375,423,439,82.72,5
0.115,0.807,0.078,3506,0.8613580572055020,364,122,207,73.53,5
0.156,0.7610000000000000,0.083,4363,0.864160550208376,112,176,297,77.61,5
0.152,0.759,0.08900000000000000,4595,0.8685465082866320,256,129,255,81.31,5
0.128,0.769,0.10300000000000000,3454,0.8694965850256510,120,182,271,79.89,5
0.152,0.765,0.08200000000000000,5039,0.8748043744360720,220,168,330,82.15,5
0.146,0.763,0.091,2413,0.8629153461654160,294,161,267,56.89,7
0.14300000000000000,0.764,0.094,10980,0.8678348414198060,140,421,423,83.65,5
0.099,0.782,0.11900000000000000,4766,0.8571312535899250,154,85,429,75.15,2
0.14,0.787,0.073,4049,0.8697276087893370,120,112,272,83.49,5
0.102,0.807,0.091,3536,0.8658803444369570,135,165,389,77.55,5
0.16,0.762,0.079,3730,0.8714891053622000,208,111,317,80.02,5
0.14800000000000000,0.737,0.115,4366,0.8750194725363330,121,311,171,71.47,5
0.128,0.758,0.114,6969,0.8673585443109870,138,228,338,81.49,5
0.11200000000000000,0.772,0.11700000000000000,6906,0.8623405952450190,170,299,334,80.82,5
0.14300000000000000,0.755,0.102,3499,0.8746686759435850,114,229,180,80.26,5
0.17600000000000000,0.736,0.08800000000000000,3396,0.8713616524148330,118,203,207,79.73,5
0.13700000000000000,0.7660000000000000,0.09700000000000000,7289,0.8655903822830880,337,238,418,70.36,5
0.161,0.747,0.092,2543,0.8715812565114180,111,160,136,80.63,5
0.146,0.773,0.081,3976,0.8648932257716160,176,170,218,77.56,5
0.16700000000000000,0.738,0.095,5128,0.8789469721547710,205,305,263,79.27,5
0.142,0.758,0.1,5090,0.8727164604607730,173,201,274,80.87,5
0.154,0.743,0.10300000000000000,5087,0.8678290007198780,134,253,257,81.24,5
0.138,0.774,0.08800000000000000,1159,0.8666124089168350,42,61,128,77.96,5
0.128,0.78,0.091,8274,0.8673019760255220,258,275,309,83.9,5
0.1,0.81,0.09,3104,0.8448985281120990,147,43,231,87.94,5
0.153,0.774,0.073,4620,0.8651938812163710,214,117,286,73.59,5
0.172,0.721,0.107,5398,0.8726734095882720,99,252,155,79.56,5
0.166,0.748,0.086,5448,0.8654172343180530,156,222,265,93.26,5
0.149,0.74,0.111,8301,0.8859579158309810,535,303,309,83.78,5
0.129,0.7490000000000000,0.122,2632,0.8741452879422940,72,139,148,76.21,5
0.161,0.73,0.109,607,0.8730347926848340,27,34,77,77.54,5
0.134,0.7760000000000000,0.09,13155,0.8629118230672020,541,250,471,92.62,5
0.15,0.764,0.086,5441,0.8778939657557160,208,298,335,82.13,5
0.138,0.7710000000000000,0.09,9511,0.8651103989822650,393,297,503,90.44,5
0.10800000000000000,0.774,0.11800000000000000,5935,0.8731762322846730,104,170,449,80.57,5
0.152,0.753,0.095,3544,0.8781918862000640,160,193,259,81.56,5
0.121,0.7710000000000000,0.10800000000000000,2542,0.8723909712557700,82,126,161,83.76,5
0.134,0.7830000000000000,0.083,2807,0.8673665924814160,191,133,227,76.52,5
0.133,0.774,0.09300000000000000,2274,0.8523393537665280,227,20,294,70.79,5
0.147,0.77,0.083,3181,0.8802003319966480,169,205,166,80.8,5
0.14,0.759,0.10100000000000000,7504,0.8776157816303190,181,282,336,83.62,5
0.124,0.777,0.098,8308,0.868550173790629,224,53,443,90.98,5
0.136,0.7710000000000000,0.09300000000000000,6919,0.858634317479601,147,229,466,80.94,5
0.157,0.741,0.102,7713,0.8648164993868420,220,349,349,77.88,5
0.14800000000000000,0.711,0.141,8555,0.8835561861765080,236,397,327,82.77,5
0.155,0.754,0.091,10312,0.8687610514265060,295,480,287,82.91,5
0.174,0.688,0.13700000000000000,5278,0.8792460989024380,162,253,212,81.66,7
0.14300000000000000,0.799,0.058000000000000000,2679,0.843560631624636,518,47,197,53.12,5
0.168,0.74,0.09300000000000000,4055,0.8643440584304490,98,259,201,80.69,5
0.138,0.76,0.102,4612,0.8714270441228510,197,131,328,82.56,5
0.161,0.772,0.068,6993,0.8730850574687260,257,269,318,87.3,5
0.156,0.72,0.125,7074,0.8780235380251410,139,335,296,78.7,5
0.139,0.7830000000000000,0.078,4611,0.8677684840578330,149,129,282,76.75,5
0.14400000000000000,0.762,0.094,7343,0.8622962496560060,135,316,325,93.89,5
0.142,0.765,0.09300000000000000,1192,0.8658570219617230,74,131,91,75.82,5
0.18,0.723,0.09700000000000000,7260,0.8794785983547790,321,223,298,78.55,5
0.13700000000000000,0.774,0.09,2614,0.8610851764368350,77,50,147,69.63,5
0.154,0.752,0.094,2361,0.8463749077152540,37,196,154,74.89,5
0.096,0.78,0.124,1620,0.8530495090464940,33,56,160,70.86,5
0.138,0.765,0.09700000000000000,3575,0.8689274014927350,110,236,165,81.91,5
0.14400000000000000,0.7440000000000000,0.11200000000000000,7000,0.8722863714010070,200,284,501,70.46,2
0.157,0.742,0.10100000000000000,3056,0.8669865844711650,73,172,195,81.39,5
0.16400000000000000,0.773,0.063,3895,0.8519890202199720,197,131,199,78.42,5
0.14,0.763,0.09700000000000000,5670,0.8849062012207500,138,229,349,81.66,5
0.142,0.7710000000000000,0.087,5940,0.8630073533938890,394,278,418,78.77,5
0.10400000000000000,0.82,0.076,1425,0.8713582250661640,72,131,148,90.62,5
0.128,0.7880000000000000,0.084,3069,0.8703307682464050,224,89,240,79.68,5
0.14300000000000000,0.754,0.10300000000000000,2084,0.8744547351011080,162,64,160,80.74,5
0.162,0.747,0.091,9635,0.8633799151879810,202,332,286,79.05,5
0.14,0.789,0.071,3043,0.8679824374627950,173,38,151,77.55,5
0.131,0.772,0.096,5647,0.8666079369032860,105,139,314,92.77,5
0.138,0.743,0.11800000000000000,6673,0.8600731597051460,127,390,373,91.09,5
0.156,0.752,0.092,3523,0.8685192477608600,63,216,317,79.61,5
0.14,0.777,0.083,5442,0.8624762524020750,202,277,272,64.4,5
0.139,0.8010000000000000,0.06,2773,0.8421137473458940,461,49,210,50.5,5
0.177,0.718,0.105,3604,0.8591201161866890,47,219,171,93.27,5
0.11800000000000000,0.802,0.081,4891,0.8582191926288480,108,128,396,81.91,2
0.142,0.7490000000000000,0.109,3919,0.8659636558306200,109,237,228,79.13,7
0.14,0.77,0.091,7121,0.8809900737434840,435,198,542,77.14,5
0.10100000000000000,0.8190000000000000,0.08,498,0.8653867901865450,25,9,54,77.75,7
0.125,0.7980000000000000,0.077,8141,0.8645691497239550,280,173,361,81.86,5
0.147,0.762,0.091,3571,0.8708190154244840,157,115,223,77.85,5
0.11900000000000000,0.7860000000000000,0.095,1485,0.8649311241815200,165,54,210,73.61,5
0.124,0.759,0.11700000000000000,1552,0.8630833329298020,140,121,213,61.83,5
0.11900000000000000,0.768,0.114,5815,0.8649325807210200,164,307,391,78.03,2
0.154,0.733,0.113,8385,0.8684025370752430,611,210,469,72.73,5
0.16400000000000000,0.753,0.08200000000000000,2517,0.8691447001874550,144,77,266,80.81,5
0.16700000000000000,0.747,0.086,9070,0.8692403952531220,525,227,467,73.64,5
0.157,0.722,0.122,7065,0.8807914633968120,193,305,330,81.42,5
0.133,0.774,0.092,4951,0.8588579062219670,94,122,275,79.54,2
0.122,0.775,0.102,1707,0.8545215714490940,57,32,100,66.69,5
0.14400000000000000,0.738,0.11900000000000000,9761,0.8681303999247410,213,389,380,81.4,5
0.14,0.772,0.08800000000000000,5079,0.8643722730992370,140,193,256,80.0,5
0.151,0.75,0.099,3263,0.8674700750441270,137,189,329,79.37,5
0.128,0.7880000000000000,0.084,8410,0.8622991962020070,194,238,447,79.78,7
0.166,0.7560000000000000,0.078,4640,0.8665582774924440,63,211,199,85.18,5
0.128,0.7710000000000000,0.10100000000000000,2940,0.8564518626059090,113,124,287,77.08,5
0.13,0.792,0.078,4434,0.8579567588178060,135,81,302,76.49,5
0.14400000000000000,0.763,0.09300000000000000,6695,0.8628065329667050,677,146,546,73.89,5
0.155,0.753,0.092,6409,0.8709689710580970,276,268,262,90.64,5
0.13700000000000000,0.794,0.069,3074,0.8575868462887650,107,164,170,78.67,7
0.149,0.75,0.10100000000000000,6626,0.8668568316187040,415,243,588,76.19,7
0.142,0.754,0.10400000000000000,1699,0.8664605005536330,421,40,194,64.88,5
0.151,0.753,0.096,6959,0.8623921777902600,409,271,457,77.9,5
0.14800000000000000,0.763,0.08900000000000000,3443,0.8643253884655440,183,178,320,78.3,5
0.156,0.7710000000000000,0.073,4971,0.8750876328839410,151,114,236,81.97,2
0.128,0.7510000000000000,0.122,1563,0.8666223660606070,60,109,106,79.24,5
0.151,0.769,0.08,7015,0.861164696776771,240,233,393,80.77,5
0.15,0.7490000000000000,0.1,10824,0.8742608353271130,446,412,760,79.56,5
0.17,0.7340000000000000,0.096,7963,0.8725687488116650,159,305,214,81.4,5
0.17,0.7290000000000000,0.10100000000000000,4957,0.8727930049945120,162,150,203,94.58,5
0.138,0.7440000000000000,0.11700000000000000,5499,0.8742384454574470,266,248,429,79.26,5
0.154,0.7440000000000000,0.10100000000000000,6469,0.8801078039285050,239,211,348,92.58,5
0.177,0.726,0.098,5749,0.8751077925474760,139,244,178,81.01,5
0.136,0.794,0.07,4739,0.8623556954129060,144,161,300,78.47,2
0.09700000000000000,0.79,0.11200000000000000,2471,0.8469723977823790,40,89,176,75.46,2
0.14800000000000000,0.7510000000000000,0.10100000000000000,8761,0.8627159641762340,475,270,666,65.7,5
0.122,0.8,0.079,2614,0.8450578407541110,115,126,283,80.22,5
0.18600000000000000,0.713,0.10100000000000000,5732,0.8677907284361150,196,278,198,81.57,5
0.179,0.71,0.111,7484,0.8793718276320620,228,321,321,82.0,5
0.172,0.72,0.10800000000000000,1587,0.8518265853017980,70,76,114,78.11,5
0.124,0.759,0.11700000000000000,4448,0.8813193705652760,334,192,308,91.44,5
0.156,0.748,0.096,6452,0.8768922537656910,438,222,477,77.84,5
0.146,0.745,0.11,6748,0.8746903952464790,242,239,514,77.05,5
0.13700000000000000,0.77,0.092,2365,0.8759879612629650,61,115,98,80.85,5
0.158,0.755,0.087,9876,0.8695868348145580,177,326,319,81.49,5
0.138,0.7560000000000000,0.107,4299,0.8848930583002790,324,91,317,83.63,8
0.15,0.752,0.098,7544,0.8676023391570430,396,187,609,77.92,5
0.183,0.737,0.08,6675,0.8785780177524830,156,205,397,72.37,5
0.152,0.763,0.085,10321,0.8694636585951830,557,381,759,80.14,5
0.165,0.722,0.113,7690,0.8796577428088110,361,285,299,82.65,5
0.12300000000000000,0.767,0.111,949,0.8600299620876090,31,45,126,76.91,2
0.126,0.789,0.085,9260,0.8658129379243540,234,320,448,91.96,5
0.187,0.728,0.085,4659,0.8662772118044200,107,235,287,70.64,5
0.122,0.787,0.091,3772,0.8606166872580580,127,123,288,77.73,5
0.15,0.7610000000000000,0.08900000000000000,6579,0.8666000443711980,157,193,372,86.09,5
0.138,0.767,0.095,4122,0.8549882821364290,150,239,281,74.75,5
0.124,0.7560000000000000,0.11900000000000000,5309,0.8629164325096720,115,209,374,78.22,5
0.146,0.6890000000000000,0.165,4179,0.8743539438206630,71,248,347,80.91,0
0.136,0.7880000000000000,0.075,5191,0.875910801184437,223,223,202,79.88,5
0.149,0.731,0.12,1152,0.8603527711592000,245,62,170,66.73,5
0.21900000000000000,0.672,0.109,4549,0.8702551145783550,125,248,183,80.98,5
0.142,0.768,0.09,6638,0.8575356194806970,142,238,268,90.13,5
0.14300000000000000,0.7830000000000000,0.07400000000000000,7404,0.870978218155957,118,201,243,82.8,2
0.091,0.823,0.087,7372,0.8654816877258980,135,60,226,84.52,2
0.158,0.732,0.11,6186,0.8778057868746890,201,165,381,72.72,5
0.156,0.7290000000000000,0.115,4805,0.8790235630644800,210,185,287,93.42,5
0.158,0.7240000000000000,0.11800000000000000,8572,0.8785330157938260,329,286,388,81.7,5
0.146,0.741,0.113,6081,0.8791874620484400,269,318,374,80.31,5
0.151,0.76,0.08900000000000000,5858,0.8669419685073540,99,369,235,82.5,5
0.157,0.723,0.11900000000000000,5351,0.8666120747599020,91,277,212,91.75,5
0.133,0.7810000000000000,0.086,3984,0.8823082162570090,194,263,309,80.68,5
0.156,0.727,0.11700000000000000,7928,0.8758735188775010,192,288,400,91.3,5
0.147,0.736,0.11700000000000000,11453,0.8763897717609190,224,232,442,91.77,5
0.145,0.732,0.12300000000000000,9537,0.8708287282680690,189,285,427,92.28,5
0.135,0.762,0.10300000000000000,6066,0.8749320295563140,161,202,299,81.69,2
0.13700000000000000,0.768,0.096,6701,0.8553703930820620,150,286,328,81.28,5
0.132,0.764,0.10400000000000000,6669,0.8711822010701050,102,132,390,81.32,5
0.127,0.764,0.109,7277,0.8742042856392010,223,352,470,77.07,5
0.165,0.733,0.10100000000000000,4612,0.8765985500828140,161,165,260,91.54,5
0.145,0.731,0.124,8276,0.8773879742534070,187,309,338,79.55,5
0.11600000000000000,0.79,0.094,9265,0.8842788193947010,371,171,366,95.32,8
0.16,0.727,0.114,7167,0.8780275582996420,190,299,378,82.37,5
0.127,0.7880000000000000,0.085,2960,0.8756777177280520,106,124,162,83.13,5
0.16400000000000000,0.733,0.10300000000000000,10322,0.8700284026469170,434,279,401,74.84,5
0.149,0.7560000000000000,0.095,2278,0.8732960911998430,136,100,245,75.73,5
0.15,0.727,0.12300000000000000,9240,0.8704407793029660,197,234,427,91.68,5
0.16900000000000000,0.715,0.11600000000000000,4634,0.8816338776884590,367,185,319,66.27,5
0.171,0.737,0.092,3490,0.868898096168019,107,100,236,68.44,3
0.165,0.743,0.092,5443,0.8657150905298000,291,211,215,81.14,6
0.155,0.737,0.10800000000000000,997,0.8523811460451760,81,82,141,64.45,5
0.146,0.7710000000000000,0.083,3997,0.8699376459425190,184,149,283,77.96,5
0.16400000000000000,0.743,0.09300000000000000,4126,0.8700032389546010,225,167,292,76.55,5
0.132,0.7510000000000000,0.11700000000000000,4124,0.8685481258175470,212,166,272,74.58,5
0.179,0.7490000000000000,0.073,219,0.8572403028105670,27,18,26,77.08,5
0.126,0.75,0.125,6921,0.8689464729059580,175,147,370,90.6,5
0.151,0.733,0.11600000000000000,5342,0.8706674934681370,122,144,305,92.17,2
0.168,0.7340000000000000,0.098,8567,0.8724879907650120,282,294,348,83.96,5
0.126,0.7610000000000000,0.113,5361,0.8670142787779920,104,229,377,77.87,2
0.16400000000000000,0.76,0.076,4027,0.877887224251392,109,110,211,81.69,5
0.175,0.733,0.091,10601,0.8734846607848010,395,273,430,77.68,5
0.163,0.7560000000000000,0.081,5025,0.8706971938943010,261,270,356,75.83,5
0.14400000000000000,0.747,0.10800000000000000,6203,0.8647452519019460,136,192,284,91.93,2
0.14,0.725,0.134,1302,0.8556086110740160,88,26,261,68.68,5
0.184,0.738,0.077,985,0.8763747379165020,76,125,165,72.58,5
0.168,0.718,0.114,899,0.873295844634323,72,137,135,72.16,5
0.113,0.79,0.09700000000000000,4502,0.8522063923129640,89,88,281,90.89,2
0.10400000000000000,0.782,0.115,2892,0.8576678755610520,92,78,265,76.57,2
0.165,0.72,0.114,987,0.8740368659575770,70,187,132,75.74,5
0.128,0.777,0.095,2407,0.8588476940553680,91,93,156,78.66,5
0.131,0.76,0.109,1271,0.8675621378509280,60,103,113,76.0,2
0.159,0.748,0.09300000000000000,4188,0.8693941183133280,128,85,336,83.04,5
0.13700000000000000,0.748,0.114,1140,0.8695959308150100,59,96,191,61.21,5
0.134,0.736,0.131,859,0.8528168775283900,46,82,132,53.35,5
0.158,0.7390000000000000,0.10300000000000000,5590,0.8795207663678730,245,370,244,81.61,5
0.10800000000000000,0.787,0.105,4302,0.8812319434401050,143,91,283,82.7,8
0.127,0.7510000000000000,0.122,2116,0.8529254820760030,90,53,117,81.75,5
0.124,0.747,0.129,6488,0.8718024181383440,176,298,335,81.33,2
0.146,0.777,0.077,5377,0.8715299043340280,233,208,242,81.25,5
0.132,0.748,0.12,5111,0.8709500986371630,98,216,297,83.12,2
0.11800000000000000,0.785,0.096,4855,0.8573258865060480,309,86,164,77.96,5
0.16,0.736,0.10300000000000000,6737,0.8905784277807440,385,250,207,84.89,5
0.16,0.743,0.09700000000000000,8098,0.8803931043052050,253,324,370,83.98,5
0.133,0.7440000000000000,0.12300000000000000,4859,0.8756200373016000,159,172,227,84.52,2
0.171,0.716,0.113,2365,0.8555955327916110,122,176,284,78.16,5
0.157,0.755,0.087,6966,0.8684115199184970,287,242,571,80.08,5
0.14,0.755,0.105,4859,0.8672741708813650,195,174,445,80.03,5
0.122,0.7910000000000000,0.08800000000000000,4026,0.8657715821323530,152,136,292,78.97,2
0.147,0.755,0.098,1944,0.8743016716144510,83,87,137,81.69,5
0.11600000000000000,0.778,0.106,5955,0.8602978394647760,227,167,371,79.52,5
0.146,0.7560000000000000,0.098,4376,0.8647058309412170,205,221,275,77.77,5
0.16400000000000000,0.733,0.10300000000000000,5574,0.8692183638553080,314,235,291,81.39,6
0.141,0.785,0.07400000000000000,6341,0.8735245381495160,139,172,264,82.2,2
0.111,0.773,0.11600000000000000,5147,0.8683896948472770,263,270,524,75.62,5
0.14300000000000000,0.74,0.11700000000000000,2432,0.8642087482010710,159,131,191,87.9,5
0.17300000000000000,0.718,0.109,7962,0.8792560828165570,265,349,368,81.49,5
0.135,0.757,0.10800000000000000,2764,0.8658673958224380,85,182,181,77.32,2
0.16900000000000000,0.7490000000000000,0.08200000000000000,3669,0.8778400551855690,175,171,217,79.44,5
0.159,0.7490000000000000,0.092,3452,0.8763971365045180,174,175,174,79.17,5
0.138,0.748,0.114,4191,0.8733326848653940,142,206,248,79.73,5
0.14,0.779,0.081,765,0.8688160960197880,169,35,110,76.0,5
0.151,0.76,0.09,4052,0.8660821790486940,376,182,308,75.34,5
0.126,0.7710000000000000,0.10300000000000000,6904,0.854862483469364,198,150,248,73.89,7
0.159,0.71,0.131,7825,0.8818975133395830,268,329,314,82.2,2
0.10800000000000000,0.8,0.092,4227,0.8575213778357480,123,184,263,90.15,2
0.17,0.755,0.075,2053,0.8706927444080360,115,128,250,78.89,5
0.11700000000000000,0.778,0.106,2375,0.8439760227393340,133,17,181,76.3,3
0.161,0.737,0.102,8415,0.870525787762152,215,245,372,92.23,5
0.147,0.737,0.11600000000000000,11540,0.8763708153916510,230,237,443,91.77,5
0.128,0.8,0.07200000000000000,3181,0.8566318574466430,106,168,231,72.23,7
0.128,0.742,0.13,3419,0.8712619890840190,112,154,202,75.17,5
0.135,0.76,0.10400000000000000,7318,0.8746312995012680,196,417,360,78.83,5
0.133,0.7710000000000000,0.096,6783,0.8535766524818080,255,66,310,68.02,5
0.146,0.769,0.085,8806,0.8700388300917060,150,149,338,82.49,2
0.165,0.757,0.077,3751,0.8619135702724240,315,227,433,67.89,5
0.121,0.7760000000000000,0.10300000000000000,4573,0.8700289250500230,123,209,295,81.54,5
0.156,0.741,0.10400000000000000,3695,0.8742629811500050,87,82,266,80.76,5
0.16400000000000000,0.732,0.105,6812,0.8727027546847000,233,373,215,79.27,5
0.161,0.7510000000000000,0.08800000000000000,1234,0.8729041062067990,87,111,141,60.7,5
0.129,0.777,0.094,8994,0.8644778406553220,154,260,426,92.37,5
0.158,0.733,0.109,3834,0.8681338468750850,172,131,248,92.82,4
0.094,0.825,0.081,3629,0.8500925773880430,29,26,236,80.94,2
0.114,0.789,0.096,6663,0.8617391531492160,179,181,353,79.77,2
0.114,0.7930000000000000,0.09300000000000000,5786,0.8604091289608370,194,96,270,76.63,5
0.131,0.784,0.085,8888,0.8680053748706210,332,150,352,80.03,5
0.152,0.722,0.126,6964,0.8715552343986050,152,312,247,76.81,5
0.151,0.7390000000000000,0.11,5944,0.8769140793197370,342,387,314,76.96,5
0.157,0.764,0.078,2830,0.8658498263110010,314,106,420,68.08,5
0.158,0.746,0.096,2688,0.8652521509990640,344,96,325,69.49,5
0.155,0.762,0.083,13847,0.8683232049471760,216,403,260,92.17,6
0.168,0.754,0.078,4608,0.8744579027544630,161,161,194,83.39,5
0.129,0.752,0.11800000000000000,3361,0.8476827453799520,70,123,260,78.05,5
0.13700000000000000,0.7710000000000000,0.092,4921,0.8719579046932920,278,237,327,82.36,2
0.145,0.767,0.08800000000000000,3332,0.8695954897856400,340,172,366,67.97,5
0.16700000000000000,0.7090000000000000,0.124,6151,0.8740432086894360,265,399,384,78.94,5
0.185,0.7140000000000000,0.10100000000000000,2190,0.8866806115037300,119,166,128,80.47,5
0.126,0.763,0.11200000000000000,7451,0.8793772150992760,206,288,477,81.99,2
0.16400000000000000,0.7170000000000000,0.11900000000000000,7517,0.8739581796112470,93,321,228,81.02,5
0.142,0.768,0.09,3689,0.8730187345378940,138,264,173,83.44,5
0.163,0.7390000000000000,0.098,5258,0.8678402541533070,350,298,495,73.5,5
0.18,0.7290000000000000,0.091,5954,0.8670791665985260,211,335,314,68.12,5
0.166,0.737,0.09700000000000000,2658,0.8593049816036080,77,116,188,79.34,5
0.145,0.7490000000000000,0.106,4597,0.8759388156890430,102,126,131,83.81,5
0.134,0.763,0.102,6588,0.8722785256376190,122,194,385,81.09,7
0.142,0.7560000000000000,0.102,6398,0.8758224830712710,208,199,313,79.85,5
0.142,0.752,0.106,3925,0.8696117451449690,243,178,224,76.56,5
0.159,0.723,0.11700000000000000,11160,0.8729353444585040,257,403,410,81.44,5
0.14300000000000000,0.754,0.10400000000000000,4653,0.8676270210286000,93,274,387,79.89,2
0.12,0.765,0.114,4224,0.8669198315804320,256,180,403,85.0,5
0.124,0.779,0.09700000000000000,3047,0.8651566457283110,119,147,272,78.31,7
0.184,0.726,0.09,7719,0.8754232420280060,235,258,316,84.94,5
0.11,0.787,0.10300000000000000,4114,0.8508768148002460,133,214,350,78.61,8
0.145,0.7710000000000000,0.085,5601,0.8720343039167630,128,293,301,79.47,5
0.122,0.775,0.10300000000000000,3767,0.8681662447033770,121,100,281,80.92,2
0.151,0.7340000000000000,0.115,2180,0.8682387219445120,79,151,170,81.46,5
0.129,0.7910000000000000,0.08,7025,0.8670828478349280,188,277,362,81.35,5
0.12300000000000000,0.7910000000000000,0.086,5322,0.8810635104377260,341,100,401,83.32,4
0.128,0.799,0.073,353,0.8691742002969140,44,15,65,74.07,5
0.156,0.7490000000000000,0.094,1125,0.8543858080010380,83,175,143,86.4,5
0.146,0.763,0.092,1994,0.8659764311710650,103,255,291,77.73,5
0.11800000000000000,0.805,0.077,3556,0.8650647425173850,150,236,105,81.41,5
0.105,0.78,0.115,5472,0.8463766401624780,85,92,393,78.02,2
0.168,0.759,0.073,6229,0.867704180223134,199,196,290,80.0,5
0.177,0.74,0.083,5445,0.8709725231689520,197,106,213,83.58,6
0.11600000000000000,0.774,0.11,5770,0.8702842798398670,245,225,201,80.43,5
0.15,0.747,0.10300000000000000,12210,0.8787240672709640,498,402,382,82.7,5
0.124,0.7760000000000000,0.1,182,0.8637102777242690,28,27,26,80.84,5
0.166,0.772,0.062,2892,0.8694719776085360,150,187,174,80.67,5
0.113,0.7760000000000000,0.111,4464,0.858356252892903,62,174,301,77.85,2
0.11200000000000000,0.797,0.09,3572,0.8599556146322590,104,145,162,81.84,5
0.17300000000000000,0.737,0.09,2680,0.8674701158935330,93,282,279,76.22,5
0.129,0.779,0.092,8947,0.8521046480902520,398,169,417,79.81,5
0.14,0.774,0.087,3573,0.8705588015833380,184,64,218,89.61,5
0.13,0.7810000000000000,0.08900000000000000,3335,0.8675628050048680,163,144,295,74.99,5
0.16,0.736,0.10400000000000000,7536,0.8590012823448420,279,222,283,82.51,4
0.16700000000000000,0.737,0.096,1856,0.8643203191583530,91,132,125,75.93,5
0.158,0.7340000000000000,0.10800000000000000,1866,0.8617499867376220,75,170,120,76.65,5
0.149,0.758,0.09300000000000000,6034,0.8745732568733970,231,265,356,81.35,5
0.141,0.778,0.08,7088,0.8794995112836740,309,166,296,72.24,5
0.161,0.7440000000000000,0.095,4486,0.8680647296780420,162,139,357,81.28,5
0.165,0.7190000000000000,0.11600000000000000,8215,0.8657488953730930,133,204,307,73.49,5
0.125,0.789,0.087,3937,0.8755875698487750,122,180,194,83.56,5
0.102,0.79,0.10800000000000000,3734,0.8678355744020630,138,195,178,92.03,5
0.12300000000000000,0.7930000000000000,0.084,162,0.8675541381375710,17,3,25,85.4,5
0.11,0.8030000000000000,0.08800000000000000,5286,0.8549858438367990,143,207,360,80.18,5
0.135,0.777,0.08800000000000000,8180,0.8584344203859950,171,264,330,81.26,5
0.14800000000000000,0.765,0.087,3343,0.8699928621417210,143,154,192,83.04,5
0.151,0.7560000000000000,0.09300000000000000,823,0.8685526506853220,29,75,81,68.37,5
0.177,0.675,0.14800000000000000,3183,0.8634640810603730,148,143,146,78.8,5
0.13,0.7880000000000000,0.08200000000000000,5098,0.8720146945768200,210,149,261,79.52,2
0.127,0.778,0.095,5492,0.8668375971270070,152,102,259,81.68,2
0.111,0.7860000000000000,0.10300000000000000,5812,0.8766004998218280,139,212,408,78.54,5
0.184,0.7340000000000000,0.08200000000000000,3481,0.8700940887094820,77,138,217,83.2,5
0.155,0.711,0.134,2903,0.877545603908123,124,309,238,89.78,5
0.151,0.6990000000000000,0.15,3276,0.8771319701656710,110,299,220,90.59,5
0.18900000000000000,0.72,0.091,1649,0.8633716751051200,100,134,157,66.92,5
0.142,0.759,0.1,2769,0.8712166065891110,127,157,211,80.7,5
0.11900000000000000,0.7860000000000000,0.095,6171,0.8627326801496190,118,105,315,82.46,5
0.17300000000000000,0.721,0.107,1464,0.8736099354516130,67,242,154,76.01,5
0.109,0.805,0.087,4815,0.8691418186909100,191,150,302,81.66,5
0.17,0.735,0.095,8816,0.8714099667365730,484,235,393,80.93,2
0.154,0.738,0.10800000000000000,1118,0.8595854853480000,74,108,162,66.73,5
0.152,0.76,0.08800000000000000,6314,0.8718128256057590,246,288,382,79.38,5
0.11,0.8,0.09,1780,0.8551729439203350,65,50,136,75.53,7
0.127,0.755,0.11800000000000000,5899,0.8701857771637030,275,280,229,78.2,5
0.127,0.7880000000000000,0.084,4656,0.8701053040525270,195,225,224,82.37,5
0.107,0.787,0.105,4997,0.8665406131582990,196,163,297,82.24,5
0.14,0.754,0.106,4300,0.8605408236027450,66,89,265,82.37,5
0.14,0.752,0.10800000000000000,5803,0.8679367214867430,235,119,339,77.72,5
0.14300000000000000,0.764,0.094,7475,0.87838819346071,301,271,316,82.18,5
0.153,0.7660000000000000,0.08200000000000000,3139,0.8634730164391150,109,66,159,78.81,4
0.11800000000000000,0.813,0.069,4596,0.8578095685087110,85,116,372,80.55,2
0.156,0.755,0.08900000000000000,1786,0.8670976828947380,142,132,156,77.46,5
0.162,0.723,0.115,7990,0.8747666294700080,149,326,315,78.63,5
0.168,0.7120000000000000,0.12,1231,0.8603391923243990,48,141,169,76.8,5
0.177,0.715,0.10800000000000000,1655,0.8729478953668720,58,235,197,74.67,5
0.172,0.698,0.13,6694,0.8725022377442370,234,371,217,79.98,5
0.152,0.768,0.08,2800,0.8711619412385680,116,167,156,79.05,5
0.15,0.76,0.091,2748,0.8699862909237570,100,176,131,80.67,5
0.111,0.8030000000000000,0.086,4417,0.8611249348620350,112,302,295,89.86,5
0.11700000000000000,0.79,0.09300000000000000,9530,0.8539422801822830,202,142,330,91.38,2
0.155,0.731,0.114,2683,0.8775525451638500,133,325,204,81.26,5
0.17,0.718,0.111,1601,0.8755041536229370,160,147,155,74.89,5
0.152,0.738,0.11,1760,0.8745670846583970,146,156,179,66.26,5
0.13700000000000000,0.7390000000000000,0.124,1734,0.8671099961549040,100,152,161,65.35,5
0.113,0.805,0.08200000000000000,5070,0.8572466942933850,89,212,261,90.77,5
0.121,0.8030000000000000,0.076,6530,0.8603684708729900,224,176,278,81.28,5
0.11200000000000000,0.794,0.094,3313,0.8586158776452130,80,49,202,82.7,5
0.192,0.7090000000000000,0.098,1040,0.8596432875754640,18,84,4,68.7,3
0.094,0.826,0.079,2303,0.84562295234963,19,23,165,80.34,2
0.131,0.757,0.11200000000000000,3265,0.8657223967359680,97,121,240,80.12,2
0.13700000000000000,0.767,0.096,6143,0.8690348536425830,173,68,422,80.69,2
0.161,0.741,0.099,2606,0.8726679505316610,76,200,145,81.85,5
0.141,0.765,0.094,3931,0.8719256851146770,152,214,204,89.44,5
0.14,0.7610000000000000,0.099,4067,0.87425450990381,202,206,142,82.37,5
0.162,0.722,0.11600000000000000,4983,0.8671009541147780,101,191,261,83.39,5
0.166,0.7490000000000000,0.084,2123,0.8646211276877420,171,37,151,80.28,5
0.17,0.722,0.109,2314,0.8719546811842260,70,86,156,91.91,5
0.179,0.711,0.11,4362,0.8705056303293640,143,192,239,92.02,5
0.13,0.721,0.149,4635,0.8757222185898110,137,121,262,93.62,5
0.12300000000000000,0.792,0.085,7165,0.858346452867667,291,466,487,85.48,5
0.134,0.7760000000000000,0.08900000000000000,3569,0.8717327090117890,89,111,211,81.05,2
0.157,0.74,0.102,6646,0.8436960192816300,431,319,904,33.53,5
0.168,0.741,0.09,1157,0.8697563326083520,48,132,126,81.23,5
0.153,0.732,0.115,5158,0.8780564178030590,177,239,258,71.59,5
0.134,0.746,0.12,3874,0.8628703043793620,274,194,183,70.78,5
0.13700000000000000,0.7440000000000000,0.11900000000000000,4646,0.8618049032547790,207,227,207,79.35,2
0.11700000000000000,0.753,0.13,5399,0.8654672109640790,139,61,330,92.46,5
0.17300000000000000,0.74,0.087,1770,0.8653244822423280,81,112,109,79.22,5
0.175,0.753,0.07200000000000000,1304,0.8564210658554770,276,55,118,59.13,5
0.14,0.7610000000000000,0.098,6229,0.8689296258568870,376,127,493,62.8,5
0.121,0.792,0.087,1214,0.8698907710084140,88,50,134,76.31,5
0.1,0.802,0.099,2176,0.8422854377571830,74,142,140,84.21,7
0.114,0.805,0.081,2949,0.8618997799133600,103,127,244,79.52,7
0.107,0.794,0.099,2596,0.8587855110279110,78,86,175,79.01,7
0.161,0.725,0.114,2567,0.8648448719837170,54,226,201,78.45,5
0.16,0.7090000000000000,0.132,2787,0.8646698893312380,49,230,190,80.67,5
0.18,0.706,0.114,3146,0.8680395370804110,56,216,142,81.16,5
0.161,0.7510000000000000,0.08800000000000000,5048,0.8707301108626320,306,129,447,63.88,5
0.183,0.725,0.091,2634,0.8790848949150420,234,127,138,76.82,5
0.17800000000000000,0.715,0.107,2670,0.8803875281450910,182,121,141,77.71,5
0.151,0.737,0.11200000000000000,3165,0.8777566152070850,176,127,154,78.16,5
0.16,0.748,0.092,2932,0.8728270605337950,313,118,176,74.85,5
0.16400000000000000,0.733,0.10300000000000000,2881,0.873356191603923,292,115,169,76.57,5
0.153,0.7290000000000000,0.11900000000000000,2835,0.8715176641153130,271,93,174,77.36,5
0.151,0.748,0.10100000000000000,4223,0.861299720321777,160,144,282,78.8,2
0.127,0.7960000000000000,0.077,2858,0.8690606507063140,72,88,277,79.85,5
0.131,0.747,0.122,498,0.8611913380085580,42,5,50,67.04,5
0.12,0.7490000000000000,0.131,3951,0.8680155107429250,113,222,217,82.26,2
0.15,0.747,0.10400000000000000,4671,0.8857779704690300,271,320,214,81.01,5
0.172,0.7140000000000000,0.114,2213,0.8795121613829220,61,244,185,77.39,5
0.156,0.748,0.096,1759,0.8837361396125710,162,100,172,80.66,5
0.13700000000000000,0.743,0.121,10249,0.873454906902937,356,396,336,81.13,5
0.14800000000000000,0.759,0.09300000000000000,2151,0.8463157548557100,95,181,236,72.72,5
0.11700000000000000,0.7830000000000000,0.1,3805,0.8541859523869430,70,7,275,80.47,2
0.114,0.8010000000000000,0.085,3251,0.8640844314745180,228,104,274,88.08,5
0.14400000000000000,0.7660000000000000,0.09,8979,0.8583695073717480,290,261,435,80.3,5
0.133,0.767,0.1,7818,0.8620561881816370,229,195,333,81.27,5
0.14,0.758,0.102,6128,0.8756277187696960,194,187,453,78.83,5
0.156,0.748,0.096,2161,0.8631063836130280,101,222,114,80.33,5
0.209,0.688,0.10300000000000000,11728,0.8680849203140630,203,383,349,91.39,5
0.12,0.792,0.08800000000000000,4290,0.8684407720550120,231,65,194,81.09,5
0.083,0.8240000000000000,0.094,3055,0.8535254337386740,194,39,125,75.63,2
0.183,0.745,0.07200000000000000,1467,0.8623886204583170,272,45,132,62.65,5
0.149,0.746,0.105,6360,0.8651404843649150,113,45,312,76.56,8
0.135,0.741,0.124,4899,0.8678804466380230,104,140,313,76.54,8
0.19,0.6920000000000000,0.11800000000000000,2550,0.8687068952614390,137,179,123,79.14,5
0.16700000000000000,0.7140000000000000,0.12,2873,0.8702912929276730,117,206,153,78.8,5
0.182,0.684,0.134,2343,0.8680519033076780,144,139,158,76.11,5
0.193,0.693,0.114,4145,0.8665394184288490,110,256,182,81.97,5
0.139,0.774,0.087,4769,0.8625269596995430,141,163,348,80.11,8
0.157,0.7560000000000000,0.087,4679,0.8737286452359100,222,283,299,75.77,5
0.174,0.733,0.09300000000000000,2164,0.8670523375469640,101,80,226,65.81,5
0.172,0.7290000000000000,0.098,2508,0.8604977179211580,92,52,196,66.16,5
0.171,0.7120000000000000,0.11600000000000000,2765,0.863195391284693,94,103,168,66.84,5
0.145,0.757,0.098,2817,0.8638819100416040,88,80,198,79.49,5
0.128,0.7760000000000000,0.096,3329,0.8632310495688540,82,117,174,80.34,5
0.141,0.752,0.107,3106,0.8594346758501510,75,73,184,80.55,5
0.136,0.764,0.1,5852,0.8665661722140110,126,160,343,81.78,5
0.14,0.726,0.134,4654,0.8614992120984830,95,204,261,82.64,5
0.12300000000000000,0.74,0.13700000000000000,5094,0.8685590693507650,81,201,185,84.28,5
0.16700000000000000,0.732,0.10100000000000000,7893,0.8586594405360690,110,401,314,93.71,5
0.163,0.726,0.11200000000000000,2769,0.8973218892807220,322,40,88,87.14,5
0.13,0.747,0.12300000000000000,2717,0.8563954409522180,149,92,307,79.52,5
0.139,0.743,0.11700000000000000,5694,0.8719858090386300,139,161,257,86.11,2
0.115,0.77,0.115,2423,0.8637744530497240,50,86,161,80.72,5
0.11600000000000000,0.774,0.11,2143,0.8590787254014130,79,37,141,78.79,5
0.132,0.752,0.11700000000000000,2365,0.8677029176970060,64,105,107,81.4,5
0.138,0.778,0.084,5597,0.8654434990275790,209,188,266,81.27,5
0.146,0.7710000000000000,0.083,5329,0.8691116743087200,162,211,257,81.04,5
0.138,0.7880000000000000,0.07400000000000000,3703,0.8566191636635320,146,112,291,77.65,2
0.133,0.7560000000000000,0.111,2906,0.8633177424927210,78,141,172,80.38,2
0.159,0.721,0.11900000000000000,2714,0.8567717381565210,54,139,140,80.53,2
0.136,0.7510000000000000,0.113,2469,0.8581346428035510,41,129,187,79.38,2
0.14800000000000000,0.7710000000000000,0.081,6904,0.8675539813323090,213,317,279,81.49,5
0.17800000000000000,0.672,0.15,7711,0.8799225029964050,202,377,305,82.42,5
0.17300000000000000,0.6990000000000000,0.128,560,0.8850949155176020,64,46,54,64.26,5
0.183,0.726,0.091,7063,0.8771813336657330,273,296,327,80.72,5
0.16700000000000000,0.7440000000000000,0.08900000000000000,8933,0.8688858547771740,201,335,407,81.26,1
0.14400000000000000,0.77,0.086,2887,0.8691890432308000,135,203,174,82.0,5
0.162,0.716,0.122,9168,0.8838156857723180,375,393,330,81.7,5
0.17800000000000000,0.74,0.081,2953,0.8735232312816750,210,214,218,77.53,5
0.175,0.731,0.094,2419,0.8705164822337600,164,216,244,76.71,5
0.151,0.733,0.11600000000000000,5512,0.8642439171535740,148,121,312,67.76,7
0.21,0.701,0.08900000000000000,1639,0.8685287676805560,199,152,162,62.84,5
0.14800000000000000,0.733,0.11900000000000000,5501,0.8667984164955680,100,128,299,77.24,8
0.151,0.764,0.085,1994,0.8732794144729540,151,148,251,74.78,5
0.16400000000000000,0.741,0.095,945,0.8619243865870830,263,24,89,62.12,5
0.155,0.748,0.09700000000000000,4398,0.8814295964051560,166,237,181,84.2,5
0.135,0.746,0.11800000000000000,4146,0.8635499920084790,146,85,309,67.75,7
0.156,0.738,0.105,6262,0.8655985509854290,198,84,387,68.7,5
0.14,0.755,0.105,4853,0.8567759398069770,187,92,339,64.06,7
0.107,0.815,0.077,1914,0.8427003745906550,87,36,221,73.48,3
0.146,0.7560000000000000,0.098,8538,0.8641798465122990,265,259,496,67.24,5
0.152,0.765,0.083,1901,0.8555766410099500,130,53,110,80.46,1
0.162,0.6780000000000000,0.16,4610,0.8736536845015410,119,243,179,81.58,5
0.18,0.6680000000000000,0.152,4707,0.8716765449130840,158,300,273,80.83,5
0.165,0.736,0.099,9265,0.8642934629345680,187,298,385,92.55,5
0.14400000000000000,0.747,0.109,5932,0.8716733216007480,158,173,340,85.17,2
0.14800000000000000,0.758,0.094,4578,0.8689711294677610,94,199,257,84.45,2
0.14300000000000000,0.747,0.11,6797,0.8636397434854180,227,176,204,81.57,5
0.136,0.754,0.11,5088,0.8754085086108950,143,251,269,84.44,2
0.184,0.725,0.091,1129,0.8787637273604360,60,82,109,80.57,5
0.136,0.754,0.111,4383,0.872008225220162,214,77,311,77.75,8
0.151,0.785,0.064,630,0.8537568536055470,36,47,34,75.72,5
0.149,0.7440000000000000,0.107,3318,0.8594300470460900,140,33,264,67.82,8
0.151,0.752,0.09700000000000000,4512,0.8605685259566270,142,67,343,68.1,5
0.156,0.742,0.102,3476,0.8653073057689060,90,48,269,77.98,5
0.131,0.725,0.14400000000000000,1983,0.8513927373690980,41,25,123,90.51,8
0.146,0.74,0.114,5204,0.8728126901748280,156,249,260,82.43,2
0.14,0.7810000000000000,0.08,6100,0.8721149474790330,130,133,293,81.07,2
0.154,0.74,0.106,2572,0.8673766696477880,130,91,256,76.05,5
0.149,0.743,0.107,2518,0.8679797290151420,139,87,259,74.7,5
0.16400000000000000,0.7240000000000000,0.111,623,0.8690747817266350,44,35,92,66.23,5
0.217,0.6660000000000000,0.11600000000000000,1422,0.8676663713210130,50,127,131,79.8,5
0.146,0.7510000000000000,0.102,4824,0.8762382031569390,118,167,245,84.44,2
0.136,0.7510000000000000,0.113,4656,0.877486111236115,122,194,208,84.49,2
0.147,0.75,0.10300000000000000,5114,0.8687140293849160,105,208,199,84.27,2
0.157,0.731,0.113,2437,0.8670756579520470,84,160,200,78.04,5
0.179,0.732,0.08900000000000000,5359,0.874118800869225,72,157,226,78.48,5
0.16400000000000000,0.7880000000000000,0.049,4397,0.8559746434572050,66,86,186,95.79,5
0.128,0.778,0.095,2081,0.8681296826745020,76,83,223,78.4,2
0.09300000000000000,0.794,0.114,5111,0.8747537787812320,246,85,389,91.62,8
0.172,0.722,0.106,9783,0.8727828953090350,329,444,399,80.75,5
0.17300000000000000,0.74,0.08800000000000000,11551,0.8837135092361760,604,465,536,80.68,6
0.12300000000000000,0.78,0.098,5253,0.8636840029473050,113,123,334,77.57,2
0.136,0.762,0.102,3008,0.8540708124972020,271,117,209,76.53,2
0.16400000000000000,0.75,0.086,4007,0.8725521058464850,266,320,280,89.96,5
0.149,0.758,0.09300000000000000,7165,0.8606084738920840,92,266,430,87.75,5
0.152,0.743,0.105,8212,0.8688816898805280,165,347,375,82.06,5
0.111,0.8030000000000000,0.086,5926,0.8603696083768140,139,104,333,79.76,5
0.19,0.731,0.079,1789,0.8744526919981960,194,104,101,79.01,5
0.126,0.775,0.1,6446,0.8602043978760040,124,240,231,82.37,2
0.14,0.802,0.058000000000000000,2387,0.8615617754767400,193,13,177,63.53,5
0.18,0.687,0.133,3044,0.8750310504288250,95,175,151,80.83,5
0.17,0.722,0.10800000000000000,6727,0.884285299991761,243,412,275,71.67,5
0.158,0.742,0.10100000000000000,1860,0.8807298401309700,147,137,159,78.05,5
0.151,0.7390000000000000,0.11,1801,0.8805072489592630,147,130,141,79.58,5
0.13700000000000000,0.753,0.11,1646,0.8803233456835250,148,115,174,76.08,5
0.153,0.747,0.1,6906,0.8750858727043890,157,151,305,83.53,5
0.184,0.7290000000000000,0.087,5408,0.8756530156845760,161,270,205,78.41,5
0.165,0.746,0.08800000000000000,1410,0.8534115692246760,46,122,207,69.9,5
0.166,0.726,0.10800000000000000,389,0.8833789025451260,31,16,32,78.74,5
0.11,0.794,0.096,2178,0.8605100599586810,58,110,97,84.02,7
0.16900000000000000,0.732,0.099,2955,0.8765749322995800,113,104,166,79.51,5
0.152,0.7290000000000000,0.11800000000000000,3094,0.8771262389387320,99,129,195,80.5,5
0.13,0.772,0.099,1245,0.834700912112424,25,48,136,88.02,5
0.145,0.753,0.102,6840,0.8816379066771450,251,228,252,82.5,5
0.138,0.7910000000000000,0.071,4722,0.8710484478374920,379,199,286,79.57,6
0.155,0.737,0.10800000000000000,4608,0.8510934346324940,93,293,276,88.16,5
0.172,0.7170000000000000,0.111,5715,0.8749446305610200,141,333,346,82.73,7
0.156,0.7440000000000000,0.1,7920,0.8660476308121250,201,181,408,82.52,5
0.18100000000000000,0.695,0.124,3589,0.8775792503541150,223,175,191,80.61,5
0.171,0.746,0.083,7235,0.8802789258008630,204,248,336,82.61,5
0.13700000000000000,0.763,0.1,5440,0.8586553203180930,420,213,432,70.78,5
0.139,0.772,0.08900000000000000,6387,0.8714287561566730,256,222,406,76.02,5
0.124,0.753,0.12300000000000000,8548,0.8749000450131620,176,143,436,82.37,8
0.151,0.736,0.113,5247,0.8694820105335240,107,193,247,85.01,2
0.15,0.736,0.114,11705,0.8645500356475850,176,389,456,92.69,5
0.141,0.759,0.1,5893,0.8569638171955020,310,169,523,69.07,5
0.086,0.8240000000000000,0.09,6501,0.8541856673208690,150,201,371,79.18,2
0.159,0.754,0.08800000000000000,5618,0.8659150038006190,239,252,436,72.6,5
0.151,0.753,0.096,5998,0.8699689103531900,240,196,395,74.96,5
0.142,0.732,0.126,3484,0.8721769256184690,156,142,226,88.45,5
0.11200000000000000,0.7880000000000000,0.1,5945,0.863329093702115,172,158,368,80.45,2
0.149,0.765,0.087,1853,0.8661314750058010,142,65,266,59.51,5
0.125,0.772,0.10400000000000000,2227,0.8623858639039480,93,87,256,70.99,5
0.133,0.753,0.114,1969,0.8609490759991210,123,59,273,69.84,5
0.19400000000000000,0.7070000000000000,0.1,8140,0.8734547935673560,215,385,364,81.95,6
0.129,0.768,0.10300000000000000,7172,0.8625667568578680,282,167,450,75.94,5
0.12,0.789,0.091,4518,0.8675010013194400,106,117,295,78.42,5
0.13700000000000000,0.7710000000000000,0.092,7962,0.850610249402903,283,240,341,74.45,2
0.135,0.789,0.076,2717,0.8595843840875210,117,116,195,77.99,5
0.14400000000000000,0.778,0.077,3037,0.8592345864278130,107,111,182,79.74,5
0.14,0.784,0.076,5754,0.8598287016546050,181,173,295,78.89,5
0.139,0.7830000000000000,0.078,5869,0.8502446635630070,200,243,332,77.36,5
0.14,0.757,0.10300000000000000,4448,0.850238359221424,120,207,252,78.54,5
0.15,0.7660000000000000,0.083,1261,0.8659187447026630,185,47,162,64.66,5
0.152,0.754,0.094,1229,0.86612391316286,154,40,163,66.35,5
0.162,0.763,0.075,566,0.8684764731642060,110,17,74,63.2,5
0.149,0.77,0.081,626,0.8599506230009670,87,31,107,62.86,5
0.163,0.7440000000000000,0.09300000000000000,1213,0.8726235844690480,114,67,130,73.56,5
0.154,0.7660000000000000,0.08,1348,0.8677914120569580,152,48,144,74.65,5
0.155,0.759,0.086,6248,0.8677864531664430,651,182,471,65.1,5
0.111,0.789,0.1,871,0.8530440842077250,36,25,37,89.45,7
0.18100000000000000,0.7240000000000000,0.095,2050,0.8854408633423360,180,173,172,80.77,5
0.134,0.7830000000000000,0.083,7075,0.8794935324560830,234,187,390,93.43,5
0.18600000000000000,0.7120000000000000,0.102,2560,0.8826489905646730,189,257,167,80.09,5
0.142,0.735,0.12300000000000000,7671,0.8733037091914360,203,310,511,79.2,2
0.157,0.742,0.10100000000000000,3946,0.8661725525175710,167,307,210,66.18,5
0.13700000000000000,0.768,0.096,514,0.8642811339603220,29,50,29,92.75,1
0.14300000000000000,0.711,0.146,1642,0.8796009817926790,116,71,123,72.56,5
0.115,0.792,0.09300000000000000,3425,0.8665452203713980,189,84,227,77.25,5
0.139,0.752,0.109,2015,0.8769747151351770,73,99,129,84.5,5
0.154,0.738,0.107,2121,0.8760010871435030,85,71,221,81.26,5
0.111,0.8,0.08900000000000000,4746,0.8592013376340360,219,160,329,92.98,4
0.142,0.762,0.096,6755,0.8656000318745480,209,350,305,83.21,5
0.182,0.6970000000000000,0.121,7513,0.8747207230501050,136,306,399,78.34,5
0.156,0.745,0.099,5182,0.8794655504862860,119,290,251,83.6,5
0.163,0.748,0.08900000000000000,6393,0.881673820455668,452,199,363,70.69,5
0.18,0.716,0.10400000000000000,7071,0.8744965848702530,174,332,351,77.91,5
0.155,0.752,0.09300000000000000,2988,0.8341971486413200,39,165,246,71.07,6
0.18900000000000000,0.7040000000000000,0.107,6841,0.8684027765889940,123,289,164,82.17,6
0.16400000000000000,0.7340000000000000,0.102,1520,0.864055021105794,77,49,112,90.72,5
0.136,0.7510000000000000,0.11200000000000000,1100,0.8534621606555050,53,20,93,88.69,5
0.135,0.748,0.11700000000000000,2823,0.8621039112312790,85,106,207,90.15,5
0.147,0.745,0.107,4953,0.8627275968250620,150,128,275,90.12,5
0.152,0.758,0.09,2315,0.8536159400027620,48,81,182,93.77,5
0.162,0.731,0.106,619,0.8589797523759780,19,61,73,92.78,5
0.156,0.7510000000000000,0.09300000000000000,2289,0.8554848053082820,48,103,182,92.11,5
0.155,0.7510000000000000,0.095,5079,0.8562664654122100,90,180,298,92.97,5
0.161,0.7240000000000000,0.115,6468,0.8706618637813620,169,237,472,74.97,5
0.152,0.747,0.1,12598,0.8714116265575000,498,396,443,81.1,5
0.14400000000000000,0.743,0.114,9418,0.8873145441430180,272,265,375,84.01,4
0.133,0.745,0.122,10661,0.8695760107016730,161,455,421,83.53,5
0.142,0.772,0.086,4792,0.8695659664470660,150,172,200,79.9,5
0.098,0.81,0.092,2131,0.8835748007739440,71,72,125,82.51,5
0.11600000000000000,0.757,0.127,4185,0.8724260379530550,103,318,273,61.87,5
0.171,0.722,0.107,3534,0.8752547542025390,143,174,169,66.58,5
0.126,0.755,0.11900000000000000,1805,0.8651902820822010,48,9,129,80.0,5
0.11900000000000000,0.794,0.087,6388,0.8769592248977140,276,54,324,82.58,2
0.145,0.784,0.071,4133,0.8818267852401380,206,187,162,90.14,5
0.142,0.76,0.098,2922,0.8650450857015410,143,329,323,77.72,5
0.158,0.721,0.121,11022,0.8797438339157590,336,425,349,83.4,5
0.14800000000000000,0.763,0.08900000000000000,1889,0.8580278283758090,57,106,190,65.53,5
0.135,0.7610000000000000,0.10400000000000000,536,0.8614735168315960,34,22,115,57.81,5
0.1,0.838,0.062,2,0.0,3,0,0,82.64,5
0.134,0.769,0.096,2955,0.8611174351047040,101,39,322,61.5,5
0.16900000000000000,0.7290000000000000,0.10100000000000000,218,0.8412526393888250,33,19,30,60.86,5
0.218,0.728,0.055,4808,0.8722132685575690,162,272,215,82.83,5
0.165,0.7340000000000000,0.10100000000000000,339,0.8486020151175940,39,30,26,63.38,5
0.161,0.727,0.11200000000000000,445,0.8563922575761470,27,26,51,79.02,5
0.151,0.7290000000000000,0.12,324,0.8648367581540080,21,23,38,77.53,5
0.128,0.74,0.131,455,0.8568124559623610,32,29,69,74.06,5
0.14400000000000000,0.7340000000000000,0.122,1481,0.8574107056049520,78,80,139,74.93,5
0.171,0.723,0.106,8473,0.8668990153469210,217,418,322,77.66,5
0.175,0.7340000000000000,0.09,1581,0.8571385903366910,66,59,90,69.01,5
0.156,0.745,0.099,7584,0.8767478075652020,170,391,350,81.75,5
0.171,0.711,0.11700000000000000,1878,0.8558795617967840,75,196,115,72.71,5
0.136,0.787,0.077,553,0.8564204520677190,43,32,63,80.65,5
0.17,0.7340000000000000,0.096,5664,0.869488269670797,106,363,231,80.11,5
0.166,0.732,0.102,6401,0.8579692603759490,91,384,218,84.0,5
0.11700000000000000,0.7910000000000000,0.092,1782,0.8644233381110930,36,74,180,75.88,3
0.12,0.7880000000000000,0.092,1447,0.8613968577417760,77,8,116,80.07,5
0.17600000000000000,0.752,0.07200000000000000,1852,0.8822281499295670,152,156,89,84.97,5
0.13,0.7610000000000000,0.109,10067,0.8565172748559870,398,87,489,93.61,7
0.161,0.755,0.084,3397,0.8846475675305330,221,162,221,81.72,5
0.16,0.7610000000000000,0.078,8002,0.8690323556053980,275,361,340,92.68,5
0.157,0.742,0.10100000000000000,6985,0.8580073063002330,166,312,382,79.57,5
0.136,0.7610000000000000,0.10300000000000000,7432,0.8690899789070950,170,313,212,82.38,5
0.16,0.7290000000000000,0.111,7082,0.8776032049260570,206,224,281,70.97,5
0.154,0.746,0.1,4661,0.8663706161663160,185,265,326,67.29,5
0.127,0.767,0.106,5394,0.8741817683217460,252,167,367,79.01,5
0.163,0.73,0.107,3701,0.8754390911971450,125,207,229,80.63,5
0.126,0.746,0.128,9507,0.8696684923737760,133,372,383,80.02,5
0.145,0.754,0.10100000000000000,1644,0.8701384118845770,48,78,213,71.87,5
0.147,0.754,0.098,4019,0.8742749903210290,122,139,222,78.39,5
0.19400000000000000,0.713,0.09300000000000000,3162,0.8816679127571220,89,203,105,86.8,5
0.15,0.759,0.09,4188,0.8658280912933200,355,110,305,64.56,5
0.182,0.7340000000000000,0.085,3420,0.8639552568038840,134,197,268,80.63,6
0.16700000000000000,0.736,0.09700000000000000,8618,0.8767024300704940,434,285,285,78.61,5
0.135,0.758,0.107,11114,0.8667353301905710,285,386,322,81.18,5
0.19700000000000000,0.6970000000000000,0.105,4350,0.8647944677810610,137,120,167,66.63,5
0.138,0.759,0.10300000000000000,7670,0.8635730290225450,327,192,361,76.88,5
0.16,0.727,0.114,7985,0.8696427674289960,429,224,348,77.35,5
0.133,0.767,0.1,2758,0.8596665816579540,67,86,114,82.35,5
0.141,0.757,0.102,3428,0.8745071295217890,98,228,179,80.46,5
0.149,0.758,0.09300000000000000,7202,0.8701385616373360,525,207,362,75.67,5
0.139,0.7830000000000000,0.078,6536,0.8603466235651900,80,159,250,81.05,5
0.17,0.6890000000000000,0.141,434,0.8419620762987230,48,86,64,55.83,5
0.133,0.76,0.10800000000000000,5466,0.8624144426162250,162,170,289,79.37,5
0.138,0.705,0.158,46,0.862957371362521,5,0,16,74.62,2
0.152,0.762,0.086,5328,0.8738376042985690,207,147,384,84.37,5
0.102,0.83,0.068,5498,0.8766637528643320,143,87,347,82.09,2
0.161,0.737,0.102,4550,0.8673249068034250,162,256,265,80.73,5
0.141,0.748,0.111,6371,0.8675029446776390,148,211,320,81.03,7
0.16700000000000000,0.736,0.096,5882,0.868945628174875,208,383,273,78.22,5
0.12,0.772,0.10800000000000000,5780,0.8689151895762650,190,151,428,79.86,7
0.15,0.7660000000000000,0.084,5522,0.8675461335185750,131,161,293,85.07,5
0.141,0.7660000000000000,0.09300000000000000,6095,0.8759716812298540,177,101,342,81.77,5
0.174,0.747,0.079,3647,0.8695940465605450,162,178,179,66.17,5
0.125,0.777,0.09700000000000000,7806,0.8638636857830320,273,114,381,80.45,2
0.125,0.7760000000000000,0.099,8016,0.8773168775505170,161,191,260,85.25,2
0.10400000000000000,0.7980000000000000,0.098,1543,0.8519412279987800,47,123,44,90.76,5
0.129,0.7960000000000000,0.075,1927,0.8591417731986550,54,132,78,92.25,5
0.174,0.74,0.086,5997,0.8730763392538970,135,305,270,67.83,5
0.121,0.787,0.092,4875,0.8741279173522360,382,96,229,65.74,7
0.13,0.77,0.1,7059,0.8953234558309880,469,61,285,80.67,7
0.121,0.79,0.08900000000000000,9824,0.8603144094277820,248,233,453,79.2,5
0.179,0.732,0.08900000000000000,6877,0.8669291206784570,196,299,247,75.91,5
0.18600000000000000,0.726,0.08900000000000000,8639,0.8732090853908060,169,318,276,78.86,5
0.17300000000000000,0.7340000000000000,0.09300000000000000,5191,0.8726182386769350,136,332,256,66.96,5
0.153,0.747,0.1,1973,0.8675903420695420,100,26,153,79.62,1
0.128,0.778,0.094,2924,0.8659339653794560,117,46,196,80.0,2
0.099,0.7960000000000000,0.105,3587,0.8503752860890600,232,39,191,61.5,2
0.114,0.7710000000000000,0.115,3891,0.8458149789768010,169,46,183,63.06,2
0.114,0.785,0.10100000000000000,3730,0.8543785965539160,244,103,190,59.01,2
0.133,0.777,0.091,4079,0.8591588100677220,382,33,239,66.65,2
0.168,0.732,0.1,4872,0.8798260862364500,231,31,344,69.92,5
0.134,0.772,0.094,7081,0.8729834123575440,303,164,395,82.31,5
0.10400000000000000,0.804,0.091,9469,0.8753386365928780,756,62,614,74.85,7
0.114,0.782,0.105,3793,0.8622857472547750,82,53,234,79.71,2
0.113,0.813,0.07400000000000000,1844,0.8820788646813950,230,78,77,79.9,5
0.11600000000000000,0.8010000000000000,0.083,1905,0.862909732376264,39,19,56,96.41,5
0.161,0.742,0.09700000000000000,374,0.8637827674551140,30,4,5,81.17,5
0.145,0.765,0.09,6598,0.8785522416391710,409,179,412,66.37,5
0.11200000000000000,0.8060000000000000,0.08200000000000000,2884,0.8604531467542800,175,31,244,63.46,7
0.131,0.7830000000000000,0.086,4684,0.8694093434354730,211,174,351,78.62,5
0.10100000000000000,0.8190000000000000,0.08,434,0.8493157384398610,21,2,11,82.77,5
0.11600000000000000,0.804,0.08,2305,0.8719975280921820,93,22,76,88.37,5
0.11700000000000000,0.79,0.09300000000000000,4109,0.8567625800162630,201,77,266,76.72,2
0.152,0.7610000000000000,0.087,4712,0.8714197034452400,143,118,296,82.99,5
0.138,0.7610000000000000,0.10100000000000000,9193,0.8718859874669680,222,204,464,77.77,5
0.152,0.763,0.085,19591,0.8654871879961980,480,456,572,79.9,5
0.133,0.78,0.087,6036,0.8776623102054440,235,197,322,80.37,5
0.11200000000000000,0.8,0.08800000000000000,5498,0.8600095248077850,193,86,365,78.89,2
0.134,0.752,0.114,5370,0.8733827262635750,124,145,219,84.28,2
0.106,0.8030000000000000,0.091,964,0.8583353139232610,49,38,73,75.43,5